{
    "blah":{
        "cables":{
            "0":[
                "M4605677864",
                0,
                "M4605634968",
                1
            ],
            "1":[
                "M4605677864",
                1,
                "M4605634968",
                0
            ]
        },
        "midi":{},
        "modules":{
            "M4605634968":{
                "Name":"MIDI",
                "Values":[],
                "x":450.0,
                "y":450.0
            },
            "M4605677864":{
                "Name":"LPF",
                "Values":[
                    0.7277777777777779,
                    0.24999999999999994,
                    0.7166666666666668
                ],
                "x":552.0,
                "y":435.0
            }
        },
        "presets":{
            "/M4605677864/LPF/cut":0.7277777777777779,
            "/M4605677864/LPF/res":0.7166666666666668,
            "/M4605677864/LPF/vcamnt":0.24999999999999994
        }
    },
    "blah2":{
        "cables":{
            "0":[
                "M4515031520",
                0,
                "M4515068384",
                0
            ],
            "1":[
                "M4598175072",
                0,
                "M4515031520",
                4
            ],
            "2":[
                "M4598175072",
                1,
                "M4515031520",
                5
            ],
            "3":[
                "M4515031520",
                0,
                "M4598175072",
                0
            ]
        },
        "modules":{
            "M4515031520":{
                "Name":"DIV",
                "Values":[],
                "x":450.0,
                "y":450.0
            },
            "M4515068384":{
                "Name":"CLOCK",
                "Values":[
                    0.7388888888888889
                ],
                "x":381.0,
                "y":450.0
            },
            "M4598175072":{
                "Name":"LOGIC",
                "Values":[],
                "x":279.0,
                "y":446.0
            }
        }
    },
    "whocares":{
        "cables":{},
        "midi":{},
        "modules":{
            "M4365269760":{
                "Name":"CLOCK",
                "Values":[
                    0.5
                ],
                "x":450.0,
                "y":450.0
            },
            "M4365308344":{
                "Name":"LPF",
                "Values":[
                    0.5,
                    0.5,
                    0.5
                ],
                "x":582.0,
                "y":429.0
            },
            "M4448412664":{
                "Name":"ADSR",
                "Values":[
                    0.5,
                    0.5,
                    0.5,
                    0.5
                ],
                "x":450.0,
                "y":450.0
            },
            "M4448453840":{
                "Name":"BI-ATN",
                "Values":[
                    0.5
                ],
                "x":450.0,
                "y":450.0
            },
            "M4448456072":{
                "Name":"ATN",
                "Values":[
                    0.5
                ],
                "x":450.0,
                "y":450.0
            },
            "M4448478848":{
                "Name":"CLOCK",
                "Values":[
                    0.5
                ],
                "x":450.0,
                "y":450.0
            },
            "M4448480720":{
                "Name":"DIV",
                "Values":[],
                "x":450.0,
                "y":450.0
            },
            "M4448509536":{
                "Name":"INV",
                "Values":[],
                "x":450.0,
                "y":450.0
            },
            "M4448532312":{
                "Name":"LPF",
                "Values":[
                    0.5,
                    0.5,
                    0.5
                ],
                "x":450.0,
                "y":450.0
            },
            "M4448552936":{
                "Name":"LOGIC",
                "Values":[],
                "x":450.0,
                "y":450.0
            },
            "M4448582616":{
                "Name":"MIDI",
                "Values":[],
                "x":450.0,
                "y":450.0
            },
            "M4448613368":{
                "Name":"MIXER",
                "Values":[
                    0.5,
                    0.5,
                    0.5,
                    0.5,
                    0.5
                ],
                "x":450.0,
                "y":450.0
            },
            "M4448648008":{
                "Name":"MLFO",
                "Values":[
                    0.5
                ],
                "x":450.0,
                "y":450.0
            },
            "M4459706776":{
                "Name":"NOISE",
                "Values":[
                    0.5
                ],
                "x":450.0,
                "y":450.0
            },
            "M4459738248":{
                "Name":"OUT",
                "Values":[],
                "x":450.0,
                "y":450.0
            },
            "M4459739688":{
                "Name":"SAMPLE",
                "Values":[],
                "x":450.0,
                "y":450.0
            },
            "M4459762176":{
                "Name":"SAWRAMP",
                "Values":[
                    0.5
                ],
                "x":450.0,
                "y":450.0
            },
            "M4459764840":{
                "Name":"SINE",
                "Values":[
                    0.5
                ],
                "x":450.0,
                "y":450.0
            },
            "M4459787616":{
                "Name":"SLFO",
                "Values":[
                    0.5
                ],
                "x":450.0,
                "y":450.0
            },
            "M4459789488":{
                "Name":"SQR",
                "Values":[
                    0.5,
                    0.5
                ],
                "x":450.0,
                "y":450.0
            },
            "M4459812912":{
                "Name":"VCA",
                "Values":[
                    0.5,
                    0.5
                ],
                "x":450.0,
                "y":450.0
            }
        },
        "presets":{
            "/M4365269760/CLOCK/speed":0.5,
            "/M4365308344/LPF/cut":0.5,
            "/M4365308344/LPF/res":0.5,
            "/M4365308344/LPF/vcamnt":0.5,
            "/M4448412664/ADSR/attack":0.5,
            "/M4448412664/ADSR/decay":0.5,
            "/M4448412664/ADSR/release":0.5,
            "/M4448412664/ADSR/sustain":0.5,
            "/M4448453840/BI-ATN/amount":0.5,
            "/M4448456072/ATN/amount":0.5,
            "/M4448478848/CLOCK/speed":0.5,
            "/M4448532312/LPF/cut":0.5,
            "/M4448532312/LPF/res":0.5,
            "/M4448532312/LPF/vcamnt":0.5,
            "/M4448613368/MIXER/level1":0.5,
            "/M4448613368/MIXER/level2":0.5,
            "/M4448613368/MIXER/level3":0.5,
            "/M4448613368/MIXER/level4":0.5,
            "/M4448613368/MIXER/mix":0.5,
            "/M4448648008/MLFO/freq":0.5,
            "/M4459706776/NOISE/freq":0.5,
            "/M4459762176/SAWRAMP/freq":0.5,
            "/M4459764840/SINE/freq":0.5,
            "/M4459787616/SLFO/freq":0.5,
            "/M4459789488/SQR/freq":0.5,
            "/M4459789488/SQR/width":0.5,
            "/M4459812912/VCA/amount":0.5,
            "/M4459812912/VCA/gain":0.5
        }
    }
}